Country,KMeans_Cluster,Hierarchical_Cluster,DBSCAN_Cluster,PC1,PC2
Afghanistan,0,1,-1,6.409173992614166,1.1405634637267665
Albania,0,1,-1,-2.7216967704772963,-1.9371598441526867
Algeria,0,1,-1,0.6305264512316275,-0.4090634211612475
American Samoa,0,1,-1,-0.8072431396254383,-1.4068299646514533
Andorra,0,1,-1,-0.8179917244299814,-1.4135866294137915
Angola,0,1,-1,6.870761763668199,1.716167578520591
Antigua and Barbuda,0,1,-1,-2.1390065499358952,-1.8737925885744178
Argentina,0,1,-1,-3.242743760422703,-1.1806750338269907
Armenia,0,1,-1,-1.3682440839377716,-1.4751062660479162
Aruba,0,1,-1,-1.8882073618473556,-1.7494821405076084
Australia,0,1,-1,-5.1425939844905955,-0.7397850725140731
Austria,0,1,-1,-3.5699749058961205,-2.210866352062075
Azerbaijan,0,1,-1,-0.5170333534525211,-1.195852613690122
"Bahamas, The",0,1,-1,-0.7971610184868672,-1.407005985291767
Bahrain,0,1,-1,-1.8562385102042893,-1.4697785052045007
Bangladesh,0,1,-1,2.426662559837041,0.8715977183945905
Barbados,0,1,-1,-1.6583878588456196,-1.776121836260211
Belarus,0,1,-1,-3.930676692870186,-2.2757761194933264
Belgium,0,1,-1,-4.853327674133962,-2.671554636697979
Belize,0,1,-1,1.3503569980609502,-0.6940577425305237
Benin,0,1,-1,8.589368058374971,1.5315407477534266
Bermuda,0,1,-1,-1.4830237665321078,-1.565413492971608
Bhutan,0,1,-1,2.0786697996323986,-0.5237116666824996
Bolivia,0,1,-1,0.6461371190392222,-0.40491351411963633
Bosnia and Herzegovina,0,1,-1,-2.5406742542727705,-1.7618311701707714
Botswana,0,1,-1,1.2199402963021406,-0.620594693548695
Brazil,0,1,-1,-2.9095086142467634,2.1301013404011417
British Virgin Islands,0,1,-1,-0.4332607578288485,-1.2126857152518633
Brunei Darussalam,0,1,-1,-1.6344145060985964,-1.528034634254236
Bulgaria,0,1,-1,-4.391985139934921,-2.48271632975611
Burkina Faso,0,1,-1,10.217865331276098,2.217178654250174
Burundi,0,1,-1,8.65432211592938,1.6038032316711146
Cabo Verde,0,1,-1,-0.25692724805582495,-1.07283513014184
Cambodia,0,1,-1,3.423105873624659,0.3293391897953198
Cameroon,0,1,-1,6.715691343170694,1.3191154673603371
Canada,0,1,-1,-4.3177646427482905,0.45605205264927684
Cayman Islands,0,1,-1,-0.8949319728412717,-1.3761299675107732
Central African Republic,0,1,-1,7.033723298615687,1.0994672864295483
Chad,0,1,-1,13.204957940791067,3.1157340081453846
Channel Islands,0,1,-1,-1.959190089439251,-1.7113442149188551
Chile,0,1,-1,-2.6871150670741715,-1.58078718869902
China,0,1,-1,-6.2809564844820915,8.586569202449342
Colombia,0,1,-1,-1.3529405950893485,-0.6089578539087812
Comoros,0,1,-1,4.550934318712432,-0.015158309280868216
"Congo, Dem. Rep.",0,1,-1,8.899814126662026,2.4892981227580355
"Congo, Rep.",0,1,-1,4.658812209869114,0.20672965419249797
Costa Rica,0,1,-1,-1.9094316090189793,-1.5606933165167214
Cote d'Ivoire,0,1,-1,8.360882557099982,1.8013557812132481
Croatia,0,1,-1,-3.695891004074814,-2.3415026892235877
Cuba,0,1,-1,-2.180631571441024,-1.7239445481697189
Curacao,0,1,-1,-2.805970942872102,-2.1542852342147536
Cyprus,0,1,-1,-2.7763769121572173,-1.949179038242563
Czechia,0,1,-1,-3.8134561661137663,-2.17597731627223
Denmark,0,1,-1,-3.9136821295392883,-2.3005676789207548
Djibouti,0,1,-1,1.7247602782463605,-0.747494569908795
Dominica,0,1,-1,-1.5407210886221883,-1.7146254091078537
Dominican Republic,0,1,-1,0.20193609945973282,-0.9732284528110771
East Asia & Pacific,1,0,-1,-8.970392442908986,20.114869969014816
Ecuador,0,1,-1,-0.7820323835026304,-0.3971515798455762
"Egypt, Arab Rep.",0,1,-1,1.547989180336996,0.40022605440007286
El Salvador,0,1,-1,0.8499068226186529,-0.7537083716358668
Equatorial Guinea,0,1,-1,3.5668675783115877,-0.009781327061237778
Eritrea,0,1,-1,5.57279469478617,0.7268763519853961
Estonia,0,1,-1,-3.607175772032143,-2.481951063316369
Eswatini,0,1,-1,2.0816803823529804,-0.8240126044879377
Ethiopia,0,1,-1,8.08699442651916,3.068207044065072
Europe & Central Asia,1,0,-1,-9.616298462397394,13.172885261710002
Faroe Islands,0,1,-1,-1.0307351390621597,-1.4185397867562166
Fiji,0,1,-1,-0.36652904695713123,-1.1810604709270323
Finland,0,1,-1,-4.676626507202365,-2.6349654335061437
France,0,1,-1,-4.2512398258615525,-1.8160225021231209
French Polynesia,0,1,-1,-1.325791684876162,-1.5586313634489388
Gabon,0,1,-1,2.433508973154552,-0.40925716511175736
"Gambia, The",0,1,-1,5.615208984425635,0.33344501052145836
Georgia,0,1,-1,-3.2996516731433134,-2.127158678518521
Germany,0,1,-1,-3.972312587611316,-1.4998038799264062
Ghana,0,1,-1,3.338479935839718,0.18700262602282167
Gibraltar,0,1,-1,-0.49298466774043725,-1.198581403500889
Greece,0,1,-1,-5.004676078788254,-2.5115696311785207
Greenland,0,1,-1,-1.350742776132482,-1.5035903805301118
Grenada,0,1,-1,-1.9780849867440864,-1.883990308309898
Guam,0,1,-1,-0.8642028117965298,-1.470277244474108
Guatemala,0,1,-1,3.958258542961408,0.4286213409113967
Guinea,0,1,-1,7.999265555237659,1.4627244604343972
Guinea-Bissau,0,1,-1,4.149790902661212,-0.07814102371658663
Guyana,0,1,-1,0.82434047817445,-0.9059960381744613
Haiti,0,1,-1,2.7216747431388173,-0.3722114060936625
Honduras,0,1,-1,4.228493654743651,0.4569182782569377
"Hong Kong SAR, China",0,1,-1,-5.1021696582662335,-2.70562580110868
Hungary,0,1,-1,-3.475401655426279,-2.089411377765587
Iceland,0,1,-1,-3.8978657092795386,-2.47792342949245
India,0,1,-1,-0.9724002079258173,7.517606541529028
Indonesia,0,1,-1,-1.0224781933888085,1.5355690420956645
"Iran, Islamic Rep.",0,1,-1,-0.6617899012963065,-0.17454149734455535
Iraq,0,1,-1,1.9958940536853615,-0.1412605181646821
Ireland,0,1,-1,-3.1779973501650387,-2.0052125527889313
Isle of Man,0,1,-1,-1.8638008205387944,-1.6355371950671347
Israel,0,1,-1,-1.1503023217388393,-1.581973764806322
Italy,0,1,-1,-4.349997198966601,-1.972208244074735
Jamaica,0,1,-1,-0.304432238943497,-1.1670012357746
Japan,0,1,-1,-4.645549958362745,-1.3316487005811588
Jordan,0,1,-1,0.9611330678568941,-0.7106143533456801
Kazakhstan,0,1,-1,-0.5708277589975985,-0.5853806466916401
Kenya,0,1,-1,3.042719305661412,0.5421892779839423
Kiribati,0,1,-1,0.962852128648752,-1.0423806644683404
"Korea, Dem. People's Rep.",0,1,-1,-1.1627644600940967,-1.169833158215818
"Korea, Rep.",0,1,-1,-4.109631487177642,-1.803315522757654
Kosovo,0,1,-1,-1.098658407803641,-1.3580344677803367
Kuwait,0,1,-1,-0.28600497702580796,-1.0130963498740964
Kyrgyz Republic,0,1,-1,0.7914566131682499,-0.7759529048635478
Lao PDR,0,1,-1,3.712579227257122,0.11445194888741114
Latin America & Caribbean,1,0,-1,-4.979297589231549,10.986663104503073
Latvia,0,1,-1,-3.926917994084109,-2.352933370027432
Lebanon,0,1,-1,0.6970121160378626,-0.7024031283190771
Lesotho,0,1,-1,2.7845418758688756,-0.29247643556858066
Liberia,0,1,-1,4.677768972754897,0.37981953888921555
Libya,0,1,-1,0.0977826236425014,-0.8492590266524607
Liechtenstein,0,1,-1,-2.252278696719211,-1.9243589452111063
Lithuania,0,1,-1,-3.4866546754547856,-2.432998158914678
Lower middle income,1,0,-1,-4.2210612919558965,31.200877772156137
Luxembourg,0,1,-1,-2.1981915977272806,-1.8848591187779347
"Macao SAR, China",0,1,-1,-2.8068890248462663,-2.0598852605713254
Madagascar,0,1,-1,8.272369594188948,2.2343860365641794
Malawi,0,1,-1,6.5873941441138575,0.9773350784882288
Malaysia,0,1,-1,-0.969729604199416,-0.41778723368193366
Maldives,0,1,-1,0.437803323112726,-0.9586379937142674
Mali,0,1,-1,10.486555012021054,2.680228380680765
Malta,0,1,-1,-2.622051358864306,-1.9805712425880537
Marshall Islands,0,1,-1,0.9193838711152597,-0.8978520763762923
Mauritania,0,1,-1,6.976486253098959,1.1300257313870856
Mauritius,0,1,-1,-2.3961064770779963,-1.6944135323116176
Mexico,0,1,-1,-1.699742051088202,0.19456959614961214
"Micronesia, Fed. Sts.",0,1,-1,1.1411198662197786,-0.8099737815104803
Middle East & North Africa,0,1,-1,-0.6333601878018087,-0.5037251419327509
"Middle East, North Africa, Afghanistan & Pakistan",0,1,-1,2.056119376399166,5.167290906688847
Moldova,0,1,-1,-3.1238867288840333,-1.9606713691552855
Monaco,0,1,-1,-6.640054691402706,-3.386138022448418
Mongolia,0,1,-1,-0.027734206596556576,-0.7663172050817889
Montenegro,0,1,-1,-2.8486781351417325,-2.0838553478723534
Morocco,0,1,-1,0.6387141947830934,-0.3826135061626088
Mozambique,0,1,-1,7.866001191082794,1.5885013389569684
Myanmar,0,1,-1,1.1896226846243616,-0.1071026492592662
Namibia,0,1,-1,2.2248947561663552,-0.37070041358925293
Nauru,0,1,-1,-0.43846107896082576,-1.238309569989833
Nepal,0,1,-1,2.3352002592483885,-0.37690146854584633
Netherlands,0,1,-1,-4.317786503790814,-2.208941373719367
New Caledonia,0,1,-1,-1.4978299652810942,-1.538634331074875
New Zealand,0,1,-1,-3.446509247191608,-1.9989717450049127
Nicaragua,0,1,-1,1.6300311267663836,-0.5092811436858966
Niger,0,1,-1,12.33631490458242,3.2629589618333528
Nigeria,0,1,-1,4.998089090709036,3.0683990496042517
North America,1,0,-1,-7.889158136711368,6.437146365575978
North Macedonia,0,1,-1,-2.001845421019755,-1.7066438791661742
Northern Mariana Islands,0,1,-1,-1.5282977146865444,-1.543654396830116
Norway,0,1,-1,-4.329597667179922,-2.3553223426330288
Oman,0,1,-1,0.20075981605052481,-0.5661717157953126
Pakistan,0,1,-1,6.2756069942696575,3.3082731650494206
Palau,0,1,-1,-2.7249774951623884,-2.021241081520017
Panama,0,1,-1,0.005764192999148634,-0.9476958770124578
Papua New Guinea,0,1,-1,3.5512201536993655,0.03257487138555629
Paraguay,0,1,-1,0.9992880549825366,-0.5884069090315875
Peru,0,1,-1,-0.822028697339515,-0.5689806515013148
Philippines,0,1,-1,-0.03355362745496707,-0.0755819164127249
Poland,0,1,-1,-4.459114328948623,-2.02598406817183
Portugal,0,1,-1,-4.08306651544932,-2.2968187286916173
Puerto Rico,0,1,-1,-0.6613506817102331,-1.2511027007649698
Puerto Rico (US),0,1,-1,-2.4640920088657263,-2.0503183206978743
Qatar,0,1,-1,-1.122085382143197,-1.0159736874272387
Romania,0,1,-1,-2.620087806353694,-1.7263815583945012
Russian Federation,1,0,-1,-6.172525471513747,3.462172706783509
Rwanda,0,1,-1,7.262946014262652,0.9386225456733075
Samoa,0,1,-1,1.2750326496112254,-0.9580855550454468
San Marino,0,1,-1,-2.5885715147058974,-1.8285597035658185
Sao Tome and Principe,0,1,-1,1.7009632066904798,-1.275052327843386
Saudi Arabia,0,1,-1,-1.443578295581405,-0.6266650905345468
Senegal,0,1,-1,8.134545862788285,1.5497268964554003
Serbia,0,1,-1,-3.397749829848556,-2.0855194806743373
Seychelles,0,1,-1,-1.0873043858193392,-1.5661185775838733
Sierra Leone,0,1,-1,4.847908407035125,0.2199979428204609
Singapore,0,1,-1,-3.493628860519478,-2.280390008801499
Sint Maarten (Dutch part),0,1,-1,-1.248657716203821,-1.4823937310783388
Slovak Republic,0,1,-1,-2.9325375510770364,-2.032446048828114
Slovenia,0,1,-1,-3.8551623101163286,-2.4097614050154013
Solomon Islands,0,1,-1,4.167267818679422,-0.037511368733107515
Somalia,0,1,-1,-0.337701244895374,-1.1417641084637116
"Somalia, Fed. Rep.",0,1,-1,6.7043588228430355,0.84967113910408
South Africa,0,1,-1,0.0621572742978222,-0.10363310339861188
South Asia,0,1,-1,-1.4842757844204473,8.596178934745986
South Sudan,0,1,-1,2.4941500407765522,0.04153700896230192
Spain,0,1,-1,-4.582538527834226,-1.9843085861391085
Sri Lanka,0,1,-1,0.139392746820601,-0.7836950499617106
St. Kitts and Nevis,0,1,-1,-3.3321410105799507,-2.2292285446339397
St. Lucia,0,1,-1,-0.6866114942603541,-1.4299631937238662
St. Martin (French part),0,1,-1,-1.6075857784951,-1.5903801495679313
St. Vincent and the Grenadines,0,1,-1,-2.5791449715653187,-2.0177845097947644
Sub-Saharan Africa,1,0,-1,3.068665429921738,15.561333599412945
Sudan,0,1,-1,5.709969534555005,1.4181417488480648
Suriname,0,1,-1,1.6623673313485934,-0.8125302339843543
Sweden,0,1,-1,-4.401808732375175,-2.519929139261848
Switzerland,0,1,-1,-3.240837540881429,-2.148036070541505
Syrian Arab Republic,0,1,-1,3.400641873568194,0.43579395701859935
Tajikistan,0,1,-1,1.3539425949894472,-0.9251469350586906
Tanzania,0,1,-1,7.429017783132089,2.516593921147733
Thailand,0,1,-1,-1.867637084934088,-0.7421562880563126
Timor-Leste,0,1,-1,3.3579071748431204,-0.24754457465892768
Togo,0,1,-1,5.998509165324032,0.5949168210764688
Tonga,0,1,-1,0.5256495103814963,-1.0985241300204411
Trinidad and Tobago,0,1,-1,-1.892572748296196,-1.6707675027289606
Tunisia,0,1,-1,0.03964054095648273,-0.882891246389849
Turkiye,0,1,-1,-2.105862124997269,-0.7818978626986944
Turkmenistan,0,1,-1,0.40752686878356303,-0.9834510224807784
Turks and Caicos Islands,0,1,-1,-1.7566380881756498,-1.65978197169182
Tuvalu,0,1,-1,-0.878438754836376,-1.5050304870204185
Uganda,0,1,-1,6.152161463952989,0.9407317324268695
Ukraine,0,1,-1,-4.162433223824946,-1.552786809840182
United Arab Emirates,0,1,-1,-1.8779184553202979,-1.293109562376702
United Kingdom,0,1,-1,-4.152976095909402,-1.7869258620483863
United States,0,1,-1,-6.505648304522853,4.097086646923036
Upper middle income,1,0,-1,-11.229338505176443,29.792506340329755
Uruguay,0,1,-1,-2.536830745765849,-1.8638107813945533
Uzbekistan,0,1,-1,0.8999562436407449,-0.6363131931425023
Vanuatu,0,1,-1,2.227793221538573,-0.6837806903508472
"Venezuela, RB",0,1,-1,-1.8672815068371056,-1.1981736519937816
Viet Nam,0,1,-1,-0.5174396925305086,-0.23587799633440662
Virgin Islands (U.S.),0,1,-1,-2.4531004450094094,-1.9781596416912643
West Bank and Gaza,0,1,-1,1.4504852126881573,-0.6185242909455256
"Yemen, Rep.",0,1,-1,4.524642005490079,0.7720919565887036
Zambia,0,1,-1,5.527083280626731,0.6304420057788378
Zimbabwe,0,1,-1,3.8590661780066715,0.1469193386523762
